,0
0,1358331
1,1344551
2,314969
3,728083
4,1433541
5,1310658
6,1483503
7,1540235
8,1053054
9,1390777
10,1358828
11,1022314
12,1523847
13,1067532
14,1547007
15,1132668
16,1277403
17,1630365
18,1317267
19,1105876
20,1502287
21,1353315
22,1514133
23,1665589
24,1483259
25,936936
26,316011
27,1463559
28,1569141
29,924223
30,1484043
31,1004244
32,1542952
33,1086137
34,814375
35,1550599
36,1512444
37,1633869
38,1089755
39,1409427
40,1549449
41,1579254
42,1103887
43,1056466
44,1534380
45,878313
46,1278430
47,1666789
48,854157
49,356264
50,949743
51,1513126
52,1317103
53,1444874
54,1541496
55,1411784
56,1398739
57,1484153
58,923093
59,911270
60,1536114
61,1055290
62,1573575
63,1466697
64,1584801
65,1599405
66,1308757
67,1281082
68,1581594
69,1351351
70,866995
71,1536924
72,1376772
73,1093694
74,1600026
75,1510099
76,1512716
77,1660389
78,1599579
79,1496637
80,1066816
81,1157436
82,1580144
83,96223
84,1475896
85,1436081
86,1310929
87,1009003
88,1621872
89,1455452
90,1404827
91,1633693
92,1299434
93,1079935
94,1222765
95,9634
96,1666868
97,1345576
98,1171592
99,1537558
100,1039565
101,1510769
102,1568887
103,1362948
104,1598898
105,1119376
106,1559968
107,1036325
108,1599469
109,884414
110,1568621
111,1313559
112,1304762
113,1283072
114,1296434
115,1074273
116,1637246
117,1578684
118,1272164
119,872163
120,1631084
121,1510989
122,1242972
123,1167557
124,1122241
125,1010232
126,1483969
127,1541897
128,1529389
129,819535
130,1666860
131,1455251
132,1012622
133,1088731
134,1511857
135,1459707
136,1456257
137,1596452
138,1541448
139,1055282
140,1589570
141,1640023
142,1002152
143,1426790
144,1483276
145,1569395
146,1301540
147,1056821
148,1086483
149,1508053
150,1568680
151,1631054
152,1361181
153,1323276
154,1314273
155,1078658
156,1452208
157,1566691
158,1218583
159,1089877
160,1134152
161,1518934
162,1216800
163,1576762
164,1326196
165,1535865
166,1289851
167,1634140
168,928749
169,1632105
170,1166850
171,1272544
172,1542161
173,1352512
174,1599633
175,1434845
176,1482012
177,1542166
178,1633676
179,1657111
180,1596906
181,1576151
182,1660086
183,1426327
184,1037558
185,1279396
186,1568389
187,1659997
188,1326537
189,1512135
190,1420299
191,1124841
192,1388409
193,895421
194,350894
195,1286478
196,1590346
197,1388076
198,1510940
199,1313792
200,1134621
201,1512805
202,1636974
203,898202
204,1395055
205,1505961
206,712011
207,1616026
208,884535
209,1218663
210,926834
211,717538
212,1566113
213,1263048
214,1318601
215,911274
216,849854
217,1535315
218,1009076
219,1557513
220,1132897
221,1524408
222,1389957
223,1014894
224,1277779
225,1161825
226,1574947
227,1080389
228,1357975
229,1457833
230,1661536
231,1080374
232,1663900
233,1080381
234,1493215
235,1440771
236,1595855
237,1504744
238,1015083
239,1475271
240,1532292
241,1053906
242,1159363
243,1357544
244,773840
245,35442
246,1144492
247,1230239
248,1614200
249,1462245
250,1055980
251,1085936
252,1586560
253,1017115
254,1423442
255,1544341
256,1177206
257,1351950
258,1097218
259,1577001
260,1166134
261,1006435
262,1603465
263,1491126
264,1595932
265,1368616
266,1629649
267,1215208
268,1520354
269,1536244
270,1280965
271,1462020
272,1632098
273,1428242
274,1260945
275,1080197
276,1598203
277,1585828
278,1598340
279,1055951
280,1534017
281,1143261
282,1518999
283,1566030
284,1456228
285,1290162
286,1542550
287,1666572
288,1442056
289,1321711
290,1542927
291,1310052
292,764038
293,1426196
294,1559495
295,1197853
296,1461564
297,1576053
298,1305707
299,1453620
300,1622852
301,1535764
302,1653253
303,1048462
304,1139986
305,1456510
306,1486066
307,1352342
308,1131667
309,808722
310,1114039
311,1646343
312,1599584
313,1120079
314,98758
315,1549408
316,19481
317,873687
318,1473429
319,1601622
320,1664385
321,1593410
322,1364739
323,1548882
324,1388167
325,1209324
326,1388551
327,1521019
328,1598244
329,862853
330,1421097
331,1080171
332,1567443
333,1483801
334,922439
335,1591590
336,1633448
337,750641
338,1546790
339,1569650
340,1662807
341,1378410
342,1665633
343,1559972
344,934866
345,1456511
346,1315889
347,1376113
348,1106832
349,1010911
350,1418204
351,1512978
352,1074027
353,1573913
354,1169883
355,1634083
356,1387399
357,1591663
358,1365167
359,1387508
360,1482611
361,1638901
362,1589943
363,1616024
364,1137521
365,51964
366,1568939
367,1026710
368,900169
369,1456075
370,1028074
371,1354739
372,1424322
373,1512404
374,1545065
375,948669
376,1667082
377,1540569
378,894309
379,1132556
380,1512367
381,1092290
382,1502631
383,1008322
384,1600085
385,915191
386,873630
387,1632966
388,1025835
389,1531987
390,898399
391,1280493
392,1399248
393,1549042
394,1103882
395,1648946
396,1556921
397,1396835
398,1434641
399,1419027
400,1269978
401,1452929
402,1560009
403,1353254
404,1056807
405,44365
406,1135778
407,721204
408,1569067
409,1134119
410,1578964
411,1609098
412,1648901
413,1567912
414,1166308
415,1101250
416,1573485
417,1586444
418,1357372
419,71259
420,1125243
421,1393369
422,1443095
423,1165248
424,1065350
425,1352306
426,1407382
427,1128452
428,1666580
429,1587192
430,1632549
431,1633227
432,1085825
433,1600011
434,1116247
435,1079930
436,1662449
437,1230869
438,1078635
439,1405844
440,1592579
441,1595880
442,1089911
443,1079398
444,1166402
445,1108893
446,1427351
447,1534261
448,1105909
449,1388312
450,1444043
451,894300
452,1618872
453,728014
454,1048445
455,1439743
456,1263532
457,1121943
458,1571222
459,1114928
460,1056504
461,1489178
462,1633625
463,1423876
464,1313360
465,860580
466,938077
467,1082917
468,1569884
469,1653169
470,1518320
471,1349434
472,938775
473,1607355
474,1593324
475,1559832
476,1535293
477,1483628
478,1600581
479,903064
480,1560808
481,1399770
482,1510677
483,1215838
484,1616628
485,1359894
486,945625
487,1555496
488,1454308
489,1063761
490,1483232
491,1512914
492,1016287
493,1407543
494,1140436
495,1569356
496,1483864
497,1631543
498,1632283
499,1599084
500,1397076
501,921531
502,1286534
503,1313926
504,1613331
505,1427261
506,1098490
507,1569853
508,1072843
509,763212
510,1482010
511,1569071
512,767684
513,1266227
514,1607863
515,1357955
516,1590721
517,1033974
518,1453072
519,1565432
520,862469
521,1119191
522,1495741
523,774602
524,1448574
525,1134628
526,1061304
527,1620916
528,945631
529,1161722
530,1418359
531,1313871
532,1332342
533,1121330
534,1656666
535,1009215
536,1078841
537,1383838
538,1558858
539,1315059
540,1476329
541,1253840
542,1468686
543,1317588
544,1511826
545,314965
546,894205
547,811454
548,1466715
549,1540826
550,1486180
551,351173
552,1470261
553,1664017
554,1275880
555,936939
556,1547494
557,1123803
558,1014736
559,1067324
560,1012091
561,1104366
562,1488207
563,1569639
564,1310051
565,1086416
566,1429895
567,1635523
568,1541666
569,1389544
570,1278387
571,1418427
572,1554913
573,1555433
574,1512370
575,1503269
576,1408700
577,1466153
578,1476417
579,1426665
580,1535249
581,1513211
582,1588959
583,314986
584,1601348
585,1295044
586,1511847
587,1441646
588,1501577
589,1483060
590,1559789
591,1494179
592,1526201
593,1279926
594,1534469
595,1455253
596,1568235
597,1325447
598,1314588
599,1482688
600,1434981
601,902219
602,1218254
603,1389082
604,932859
605,1068840
606,1472850
607,1364412
608,1564702
609,1374588
610,740272
611,861177
612,1535578
613,1325256
614,1598806
615,1218710
616,65957
617,1549275
618,1350585
619,1555170
620,1017645
621,1388443
622,1577920
623,1579853
624,1568289
625,1615135
626,1564579
627,1535472
628,1351407
629,1589282
630,1367787
631,1599886
632,1326918
633,1583000
634,1317583
635,1381859
636,1528147
637,773411
638,909151
639,1318055
640,1591442
641,1592613
642,1479465
643,1362033
644,1399348
645,1300311
646,1544744
647,1541625
648,1569452
649,1628110
650,1606810
651,1548577
652,315189
653,84616
654,1326533
655,1279030
656,1504304
657,1536262
658,1080114
659,1458425
660,1603464
661,1409888
662,1535660
663,922127
664,1350312
665,1531741
666,1634553
667,1019231
668,1009198
669,869878
670,1665302
671,1546283
672,1166340
673,1455838
674,1576953
675,1511901
676,1419186
677,1316580
678,1059543
679,924181
680,1140753
681,1055963
682,1654913
683,1519319
684,1569173
685,1633901
686,1080201
687,1422023
688,1211028
689,1557543
690,924166
691,1512566
692,70858
693,1555909
694,1641643
695,1531879
696,1525212
697,943442
698,1014315
699,1384042
700,1664772
701,1663138
702,1455969
703,1428569
704,1591377
705,1506294
706,1279708
707,1568717
708,1300336
709,1657660
710,1541349
711,1053136
712,1632118
713,1330325
714,1314150
715,1279885
716,1509550
717,1050463
718,1496201
719,1015308
720,1427748
721,825161
722,1121779
723,1423080
724,1423065
725,1102578
726,1314404
727,1352107
728,1274981
729,754811
730,1120926
731,1631052
732,1104186
733,1600175
734,1570296
735,1652253
736,1167376
737,1644187
738,1482935
739,1384943
740,1145020
741,1484150
742,1599762
743,1165501
744,1399518
745,1091561
746,1349352
747,1575677
748,1534259
749,911088
750,1649337
751,1080117
752,1350694
753,1315765
754,1616654
755,1646821
756,1661163
757,1510387
758,1598611
759,1516450
760,1655006
761,1346543
762,1135307
763,1584728
764,1429074
765,1542108
766,1662212
767,1070134
768,1388814
769,1649647
770,1562668
771,1595077
772,1020455
773,1423673
774,1554972
775,1630629
776,1512607
777,1079736
778,1315868
779,315014
780,1541055
781,1599868
782,1664713
783,1021258
784,1569537
785,1665979
786,1599852
787,1597089
788,806250
789,1599637
790,1568049
791,1666370
792,778925
793,1640638
794,1269932
795,1619495
796,1582635
797,1093589
798,1600025
799,1641652
800,1605913
801,1386088
802,1633055
803,1051359
804,1106500
805,1583825
806,1595849
807,1630409
808,1080071
809,1556218
810,949012
811,1269786
812,1569785
813,1592162
814,1097362
815,869179
816,1650162
817,1476380
818,1160099
819,1080173
820,1462284
821,89014
822,1218761
823,900529
824,1512538
825,1082020
826,1387304
827,1613715
828,1616664
829,913414
830,1445065
831,1633695
832,1593051
833,1377817
834,1418329
835,1164688
836,1549641
837,1353098
838,1483866
839,1594197
840,1667109
841,794221
842,1047142
843,1056527
844,1580830
845,1616667
846,1586986
847,1129919
848,1106565
849,1308523
850,1315269
851,1557689
852,1591505
853,1029311
854,860862
855,1532262
856,1003283
857,1486713
858,1103646
859,1533950
860,1349654
861,1666738
862,1321300
863,1388788
864,1277537
865,1640095
866,1535784
867,1213310
868,932974
869,850529
870,806246
871,1595852
872,1575129
873,1571089
874,1360533
875,1632096
876,836372
877,898286
878,928196
879,1544676
880,1558481
881,1525362
882,1608062
883,1067926
884,1596882
885,1009027
886,1616584
887,1378946
888,1439289
889,1086131
890,1167167
891,1546408
892,1427514
893,1276525
894,1374170
895,1599425
896,1128251
897,1138060
898,1661462
899,1323255
900,1135730
901,1112289
902,1622431
903,1085227
904,1236615
905,919497
906,1631208
907,1527913
908,1654198
909,1257391
910,1058022
911,1416692
912,1034184
913,1455288
914,889232
915,1512857
916,1387672
917,1140771
918,1050470
919,1324279
920,1279150
921,1134687
922,1270341
923,1455952
924,1607866
925,1599747
926,1511506
927,1482416
928,1568839
929,1316926
930,1508195
931,1507683
932,1533457
933,1389574
934,1603142
935,1279097
936,1164478
937,1643792
938,1033324
939,1277050
940,1491719
941,1642160
942,1483260
943,1567163
944,1634155
945,1596461
946,1318259
947,1340459
948,1506073
949,1322924
950,1142941
951,1082621
952,1653866
953,1085635
954,1484047
955,1654586
956,1123778
957,1393389
958,1599955
959,1651960
960,1008877
961,1629680
962,1179392
963,1389212
964,1570251
965,1548468
966,1501902
967,1087912
968,944361
969,1591379
970,1214183
971,1631014
972,813933
973,1172799
974,1409661
975,1021249
976,1569174
977,1569667
978,1162781
979,1453381
980,1362890
981,1609674
982,1388028
983,1536550
984,884300
985,1447228
986,1337263
987,1604831
988,1559706
989,1353570
990,1512024
991,1512173
992,1483394
993,1546989
994,1567745
995,351262
996,200217
997,1427379
998,1326638
999,1622346
1000,1055966
1001,1128239
1002,1630064
1003,1567992
1004,1637643
1005,1527198
1006,1512690
1007,1420816
1008,1389307
1009,1077148
1010,1082970
1011,1619724
1012,1388437
1013,1276918
1014,1541197
1015,1231756
1016,1475597
1017,1512575
1018,1425649
1019,1519676
1020,1335730
1021,1447578
1022,813470
1023,1512601
1024,1489226
1025,804328
1026,1409775
1027,1357993
1028,1664492
1029,1512415
1030,1374701
1031,1594912
1032,1451428
1033,1555900
1034,1637541
1035,1540951
1036,1037766
1037,1633969
1038,852743
1039,1044936
1040,1442276
1041,1510201
1042,1597843
1043,1085256
1044,1642216
1045,1633903
1046,1030818
1047,1082491
1048,1475940
1049,1599210
1050,1633313
1051,1167456
1052,1317802
1053,1563690
1054,900973
1055,1512652
1056,1418870
1057,1647781
1058,1534498
1059,1301396
1060,62039
1061,1419099
1062,1591271
1063,1642570
1064,1353318
1065,1599171
1066,1508097
1067,1511697
1068,916542
1069,1662918
1070,1521422
1071,1666504
1072,1019754
1073,1519418
1074,1213206
1075,1106191
1076,1591048
1077,1425851
1078,1533954
1079,874791
1080,1608057
1081,1218957
1082,1349834
1083,1652391
1084,1567641
1085,1439589
1086,1432539
1087,1016021
1088,1387615
1089,1360798
1090,1596055
1091,1652062
1092,1512998
1093,1476993
1094,1588115
1095,1598843
1096,1633648
1097,1315785
1098,1317947
1099,1141802
1100,947263
1101,1626691
1102,1141800
1103,1068855
1104,927971
1105,1633389
1106,923338
1107,1448793
1108,1158583
1109,1527641
1110,1346824
1111,1055544
1112,810265
1113,1566887
1114,1540944
1115,1593365
1116,1535859
1117,1322613
1118,1584691
1119,1488542
1120,1105871
1121,1375534
1122,1397290
1123,1279151
1124,1317346
1125,1603470
1126,1542287
1127,1058470
1128,1620275
1129,1506796
1130,1569857
1131,931588
1132,748054
1133,1281011
1134,1595124
1135,1088875
1136,1513030
1137,1602237
1138,1600004
1139,910886
1140,1608376
1141,1666736
1142,1405555
1143,704051
1144,869353
1145,1512596
1146,1473033
1147,1569258
1148,1640361
1149,1527166
1150,1542662
1151,59558
1152,1344703
1153,1363561
1154,1469751
1155,1140042
1156,1464811
1157,1321993
1158,1206792
1159,1353311
1160,1542165
1161,1228242
1162,1352065
1163,1633629
1164,1368905
1165,1456133
1166,1316550
1167,1356513
1168,943712
1169,1278678
1170,1599950
1171,1013234
1172,820289
1173,1608904
1174,1388805
1175,1511915
1176,1009209
1177,1585740
1178,883487
1179,1632802
1180,1665077
1181,1654111
1182,1587643
1183,1582813
1184,1175399
1185,1599170
1186,1320005
1187,1483824
1188,1616768
1189,1145839
1190,1624741
1191,1581298
1192,1061286
1193,1141911
1194,1040508
1195,1631408
1196,1639966
1197,1426763
1198,1352859
1199,1006438
1200,1653926
1201,1512814
1202,1079563
1203,1056868
1204,1422508
1205,1632899
1206,1599383
1207,1316393
1208,1389234
1209,914976
1210,740918
1211,1110443
1212,1269094
1213,1078779
1214,77132
1215,1513122
1216,1541536
1217,1115055
1218,1586678
1219,1379495
1220,1599576
1221,1569519
1222,861787
1223,1650717
1224,1276673
1225,1639753
1226,1624692
1227,1533327
1228,1368465
1229,1327055
1230,1546190
1231,934639
1232,1314440
1233,1167212
1234,1542284
1235,1173497
1236,850401
1237,939761
1238,1652027
1239,1569532
1240,1477836
1241,1129770
1242,769317
1243,1654710
1244,1080166
1245,1256071
1246,1307877
1247,1664147
1248,1460629
1249,1362987
1250,1556970
1251,1598490
1252,1641866
1253,1606477
1254,826154
1255,1259513
1256,1576160
1257,1550304
1258,1525234
1259,1015079
1260,1494234
1261,1629984
1262,1536558
1263,67088
1264,1633343
1265,1641865
1266,825293
1267,1442641
1268,1385702
1269,1661532
1270,1596510
1271,1372270
1272,1569119
1273,1666606
1274,1561089
1275,720672
1276,1034546
1277,1665883
1278,1365324
1279,1352900
1280,1509973
1281,1600307
1282,1483226
1283,1568679
1284,912938
1285,811360
1286,1251962
1287,1505896
1288,1412741
1289,1009950
1290,1428601
1291,1008871
1292,1207017
1293,21175
1294,938759
1295,1352278
1296,1610946
1297,765443
1298,1507640
1299,1512251
1300,887762
1301,1544825
1302,1336098
1303,1568541
1304,1385011
1305,1350605
1306,1617516
1307,1478861
1308,1651646
1309,1596957
1310,1313597
1311,1035350
1312,1026720
1313,1110806
1314,947822
1315,1512237
1316,1569766
1317,1604350
1318,1606430
1319,1550172
1320,928568
1321,1597858
1322,1541901
1323,1583751
1324,1535679
1325,1626140
1326,1555486
1327,1293585
1328,1409765
1329,1134007
1330,1500605
1331,1125816
1332,1484540
1333,1540726
1334,1569709
1335,852933
1336,1103653
1337,1041283
1338,1399386
1339,1191672
1340,1662906
1341,1441843
1342,1053914
1343,1614704
1344,1219573
1345,1575301
1346,1527824
1347,1163603
1348,1163744
1349,1389875
1350,1469026
1351,1463217
1352,1574886
1353,1056488
1354,937589
1355,1535477
1356,1362178
1357,861176
1358,1318757
1359,1219037
1360,1420473
1361,1096783
1362,1358706
1363,1542383
1364,898358
1365,1558313
1366,1590656
1367,1043853
1368,1605949
1369,1178653
1370,918006
1371,1034550
1372,1411268
1373,1512020
1374,1050743
1375,1658363
1376,1645889
1377,1519921
1378,1434819
1379,1602905
1380,1126735
1381,1592179
1382,1136704
1383,1582844
1384,1537703
1385,1569139
1386,812295
1387,1598186
1388,1179232
1389,860645
1390,1277557
1391,1401561
1392,1531064
1393,1062938
1394,1502149
1395,922940
1396,1512026
1397,1598550
1398,1459270
1399,1353219
1400,1603328
1401,1389059
1402,1080366
1403,1265376
1404,1569758
1405,313807
1406,1179475
1407,883948
1408,1567890
1409,764611
1410,1356783
1411,1018674
1412,1169581
1413,1574717
1414,1633207
1415,1623883
1416,1512581
1417,884541
1418,1632422
1419,1361978
1420,1586052
1421,36270
1422,1512647
1423,1387303
1424,1080107
1425,1123798
1426,1095721
1427,1425419
1428,1165830
1429,1599731
1430,354204
1431,1599814
1432,1422849
1433,320335
1434,1353198
1435,1561790
1436,1476961
1437,1349353
1438,937567
1439,1332905
1440,1082327
1441,1288125
1442,1599212
1443,1169069
1444,1483467
1445,810386
1446,1305473
1447,1164062
1448,1455139
1449,1320769
1450,1476225
1451,1567634
1452,1603001
1453,732847
1454,1280054
1455,1389479
1456,1431256
1457,1284812
1458,102909
1459,1308016
1460,1091559
1461,1601904
1462,1105344
1463,1454949
1464,1113000
1465,1512746
1466,1510669
1467,936753
1468,1537191
1469,1602999
1470,1362255
1471,1511566
1472,1102062
1473,1536444
1474,1598180
1475,1541787
1476,1665518
1477,1535630
1478,860176
1479,29915
1480,949615
1481,1468685
1482,701853
1483,1438129
1484,1599623
1485,1383161
1486,860662
1487,1032165
1488,1126395
1489,1453526
1490,1568814
1491,775368
1492,1274173
1493,1303159
1494,1508612
1495,1039765
1496,1079112
1497,1642140
1498,1365559
1499,1626757
1500,1333709
1501,1387322
1502,1134008
1503,1317904
1504,1348904
1505,928047
1506,1115418
1507,926688
1508,1326234
1509,1336528
1510,1599603
1511,914208
1512,1605826
1513,1079161
1514,1425999
1515,1387869
1516,1002672
1517,1430427
1518,1592614
1519,1509510
1520,1362598
1521,1408103
1522,1642044
1523,1548179
1524,1492815
1525,1547831
1526,1594540
1527,1611457
1528,1427684
1529,1532516
1530,1569241
1531,1392910
1532,53417
1533,1074266
1534,1406995
1535,1638902
1536,1426876
1537,1596920
1538,1587143
1539,1479058
1540,313028
1541,1535110
1542,1600083
1543,1588225
1544,14661
1545,1517137
1546,1504941
1547,1315478
1548,1559673
1549,1521001
1550,1167388
1551,1663897
1552,783827
1553,1653199
1554,1317410
1555,1496147
1556,1260101
1557,1427165
1558,1374022
1559,1339908
1560,1041241
1561,1020918
1562,1105863
1563,1387130
1564,1594954
1565,1296494
1566,1491998
1567,1454946
1568,1520601
1569,1084580
1570,1542294
1571,1006364
1572,1514334
1573,1425294
1574,1635999
1575,937760
1576,1535943
1577,1599882
1578,1123274
1579,1664324
1580,1424606
1581,1539338
1582,1317784
1583,1450558
1584,1504492
1585,1598011
1586,1308377
1587,1542606
1588,1374246
1589,903783
1590,40417
1591,1568542
1592,1560123
1593,820743
1594,1667146
1595,1163902
1596,1393825
1597,1214717
1598,1641438
1599,1496228
1600,1392364
1601,1538773
1602,1013701
1603,1397144
1604,1300714
1605,1115941
1606,18748
1607,1631864
1608,1569606
1609,1556915
1610,1608126
1611,1666791
1612,1510668
1613,1482799
1614,1142062
1615,1426756
1616,1565854
1617,1623624
1618,1569608
1619,1473182
1620,1579668
1621,1334199
1622,1576332
1623,1080523
1624,1649147
1625,1666472
1626,312348
1627,1308778
1628,1279936
1629,1595686
1630,1079373
1631,1365341
1632,1261135
1633,949623
1634,897293
1635,1560812
1636,1322749
1637,882119
1638,898419
1639,1601407
1640,1137429
1641,1335382
1642,1034886
1643,1082482
1644,1137774
1645,1534417
1646,1265131
1647,1577773
1648,1665199
1649,1511888
1650,1096978
1651,1432529
1652,1665055
1653,1396318
1654,809339
1655,1080369
1656,1595082
1657,1541597
1658,1018331
1659,944388
1660,1581655
1661,1454502
1662,1612041
1663,1057439
1664,1279342
1665,1317733
1666,1641992
1667,893738
1668,1629290
1669,1425994
1670,1509508
1671,1418773
1672,1569100
1673,1427202
1674,1024716
1675,1166147
1676,1166880
1677,1359262
1678,1591625
1679,1280604
1680,1569049
1681,1591744
1682,1542352
1683,1050464
1684,1421669
1685,1438637
1686,1054880
1687,883677
1688,1561509
1689,1339270
1690,1513125
1691,1161927
1692,1406585
1693,1356202
1694,791490
1695,867926
1696,1550224
1697,1427263
1698,11544
1699,1466052
1700,1214816
1701,1387761
1702,1574758
1703,1086477
1704,869367
1705,1352851
1706,1040592
1707,1439805
1708,1584087
1709,1506409
1710,1301050
1711,1418226
1712,1541743
1713,857538
1714,1328062
1715,1169347
1716,1386462
1717,1059187
1718,1540656
1719,1274196
1720,1398318
1721,1569655
1722,1523609
1723,1513865
1724,1527570
1725,7789
1726,1633288
1727,1599511
1728,1143892
1729,1343916
1730,1600133
1731,1589278
1732,1536054
1733,1478982
1734,1089710
1735,1633570
1736,1567103
1737,1343232
1738,1540306
1739,1639668
1740,1132708
1741,1618234
1742,1425165
1743,1399486
1744,1597549
1745,1599479
1746,1596076
1747,1315497
1748,1380023
1749,1056943
1750,1381296
1751,1366838
1752,1536520
1753,732905
1754,1171473
1755,1141455
1756,1032814
1757,828405
1758,1278641
1759,1597245
1760,1538846
1761,1316507
1762,1537720
1763,1650669
1764,1426754
1765,1632849
1766,1012036
1767,1167026
1768,1312908
1769,710127
1770,1426266
1771,1426774
1772,1050477
1773,1312988
1774,1361974
1775,908195
1776,1649591
1777,1278960
1778,894135
1779,1322590
1780,1478775
1781,1525865
1782,1360710
1783,1519113
1784,1478735
1785,1605911
1786,1445891
1787,1632512
1788,1166620
1789,1659815
1790,1390965
1791,73124
1792,1534561
1793,927952
1794,726854
1795,1501436
1796,19617
1797,1624758
1798,1050068
1799,1568540
1800,1415201
1801,887793
1802,1632972
1803,1453039
1804,1054074
1805,1506071
1806,1492375
1807,1551969
1808,933141
1809,1632929
1810,1301226
1811,1344114
1812,1543065
1813,1568190
1814,1478215
1815,1633037
1816,1276144
1817,1481447
1818,1416856
1819,1588871
1820,1348883
1821,1534646
1822,1107211
1823,16972
1824,1007524
1825,1263567
1826,1341748
1827,1637187
1828,1428350
1829,1370629
1830,1259969
1831,1599390
1832,1594591
1833,1020580
1834,1536078
1835,1585047
1836,728618
1837,1082509
1838,1164833
1839,1085601
1840,1089212
1841,1588012
1842,1594061
1843,1535264
1844,1351063
1845,1358538
1846,1456827
1847,1632078
1848,1609251
1849,1642575
1850,1652103
1851,314957
1852,872080
1853,1351841
1854,796848
1855,1308001
1856,1608485
1857,1034196
1858,1505207
1859,1523557
1860,887211
1861,1435053
1862,1409751
1863,1421578
1864,1597691
1865,1360079
1866,1339161
1867,1407737
1868,1173329
1869,1607278
1870,1644956
1871,1594107
1872,1534408
1873,1580212
1874,1541353
1875,707179
1876,928566
1877,1566494
1878,1523705
1879,1483859
1880,1213647
1881,1393944
1882,1315281
1883,799004
1884,1218735
1885,1301542
1886,1350290
1887,1398103
1888,1598697
1889,897070
1890,1603276
1891,1661562
1892,1589350
1893,1352272
1894,1020585
1895,1056549
1896,1272345
1897,1542280
1898,1323414
1899,938592
1900,1387814
1901,1584246
1902,1483065
1903,1055964
1904,1535323
1905,1313756
1906,1128573
1907,1569411
1908,1426749
1909,1423296
1910,1461539
1911,1500544
1912,1056288
1913,1175130
1914,1476534
1915,1569175
1916,1288136
1917,1634047
1918,71210
1919,1356407
1920,1096343
1921,1595851
1922,1426398
1923,1482689
1924,1498035
1925,887777
1926,1536562
1927,1603837
1928,842941
1929,1435346
1930,1466999
1931,1513038
1932,940445
1933,1568552
1934,1632715
1935,1567784
1936,1055977
1937,1434997
1938,1526528
1939,1275729
1940,102212
1941,1082849
1942,1600636
1943,928204
1944,1512858
1945,1475365
1946,1426859
1947,1633387
1948,1390111
1949,1351904
1950,1086555
1951,1026200
1952,1623716
1953,1653857
1954,1635342
1955,1452857
1956,1501542
1957,1177043
1958,1262677
1959,1633862
1960,1661191
1961,1027817
1962,1351991
1963,1080383
1964,1615305
1965,1627417
1966,1613634
1967,1599822
1968,1633703
1969,315038
1970,1096986
1971,1518364
1972,1603937
1973,866361
1974,902464
1975,1624729
1976,1307878
1977,1512597
1978,1389256
1979,1455915
1980,1158202
1981,1525947
1982,1095952
1983,1259887
1984,1541895
1985,1082461
1986,1534378
1987,50672
1988,1535106
1989,1574408
1990,1650781
1991,1511037
1992,1543170
1993,1666239
1994,1595907
1995,1323510
1996,1278178
1997,877338
1998,1479355
1999,1528214
2000,5272
2001,883961
2002,3520
2003,1308685
2004,1536442
2005,1442173
2006,1029160
2007,1568894
2008,1534522
2009,1568787
2010,1481045
2011,912160
2012,1181544
2013,1512171
2014,1315339
2015,1633910
2016,1092203
2017,1168664
2018,1322853
2019,1427112
2020,1086763
2021,1062589
2022,884548
2023,1665012
2024,1599471
2025,1484256
2026,1218179
2027,1174850
2028,1275431
2029,1599468
2030,1125727
2031,315297
2032,1563592
2033,1372130
2034,1590569
2035,1552981
2036,700529
2037,713676
2038,1633050
2039,1111629
2040,1446440
2041,1260824
2042,1224014
2043,1553733
2044,757657
2045,1217541
2046,1371726
2047,1140331
2048,1436866
2049,1542300
2050,1393818
2051,1109147
2052,1475373
2053,919085
2054,1620220
2055,1036250
2056,1483938
2057,1597823
2058,1634035
2059,1505791
2060,1543100
2061,1335644
2062,1357550
2063,1543536
2064,1519611
2065,1421306
2066,1409728
2067,312955
2068,1135439
2069,1084208
2070,1632813
2071,1009022
2072,1014738
2073,1353316
2074,1547926
2075,820478
2076,1533497
2077,1578177
2078,938506
2079,1305227
2080,1666610
2081,1002912
2082,1277275
2083,1520478
2084,1383221
2085,1535061
2086,1594585
2087,1033984
2088,1443689
2089,1000097
2090,1102256
2091,887818
2092,1649592
2093,1553562
2094,1282189
2095,1631664
2096,1317724
2097,1666786
2098,712534
2099,1167711
2100,1511550
2101,1542156
2102,1649761
2103,1459754
2104,1283643
2105,1590144
2106,1511137
2107,1309148
2108,1666363
2109,1631185
2110,1600285
2111,1488921
2112,823621
2113,1518195
2114,1415030
2115,1578985
2116,1590531
2117,1518235
2118,1569391
2119,1080386
2120,1541457
2121,1512590
2122,1103804
2123,1535387
2124,914933
2125,1471474
2126,1429788
2127,1385864
2128,1576422
2129,884546
2130,92230
2131,1387921
2132,1571902
2133,860644
2134,1577133
2135,1161670
2136,1056593
2137,1633172
2138,1482970
2139,1177018
2140,932024
2141,1080380
2142,1421224
2143,1040190
2144,1502945
2145,1098062
2146,1642343
2147,1280217
2148,1593399
2149,1138996
2150,1470876
2151,1533626
2152,1621602
2153,1214822
2154,1106544
2155,1557406
2156,1415293
2157,1119254
2158,1462525
2159,1542162
2160,861462
2161,1596953
2162,1607841
2163,1568338
2164,831457
2165,1640250
2166,1300978
2167,885118
2168,1104883
2169,1342396
2170,1425949
2171,1219314
2172,1658354
2173,1496859
2174,1279915
2175,1595888
2176,1251567
2177,1068809
2178,1580415
2179,1333978
2180,860748
2181,1454424
2182,1166573
2183,1606152
2184,1386935
2185,741073
2186,35527
2187,1006378
2188,1440813
2189,1552187
2190,846222
2191,1091961
2192,1077583
2193,919165
2194,1009016
2195,1430233
2196,1029730
2197,1158274
2198,1056515
2199,1536799
2200,1642274
2201,1549553
2202,1531611
2203,1288917
2204,1212897
2205,857508
2206,837286
2207,1331875
2208,1056053
2209,1631260
2210,902528
2211,1584639
2212,719245
2213,1418814
2214,903514
2215,1275228
2216,1640801
2217,1116544
2218,1326766
2219,1666788
2220,1609074
2221,1531721
2222,1341401
2223,1006407
2224,1279891
2225,1620943
2226,1016150
2227,1009212
2228,1537319
2229,1597200
2230,872078
2231,1599900
2232,1571076
2233,1661222
2234,1042063
2235,1284208
2236,1166564
2237,898413
2238,1014306
2239,868911
2240,18349
2241,1425934
2242,915287
2243,1097833
2244,1095836
2245,939835
2246,1510281
2247,1569454
2248,1086364
2249,932141
2250,1370400
2251,1453447
2252,1388838
2253,1618205
2254,1280577
2255,1336885
2256,1509855
2257,1138897
2258,1650092
2259,859872
2260,1228773
2261,1550188
2262,1642246
2263,1010452
2264,1379119
2265,1650654
2266,1017284
2267,750577
2268,1461133
2269,1525109
2270,1598177
2271,1133014
2272,1615423
2273,1569863
2274,1665586
2275,1568990
2276,860857
2277,312069
2278,1352864
2279,1641604
2280,1450935
2281,1495703
2282,1529426
2283,1449434
2284,1446194
2285,1489859
2286,1193586
2287,1581641
2288,1528593
2289,1583672
2290,1602189
2291,1592615
2292,1162827
2293,1612063
2294,1277742
2295,1509842
2296,1000742
2297,1033475
2298,820027
2299,1607636
2300,1426092
2301,1603935
2302,1424196
2303,1331997
2304,1562230
2305,1389974
2306,1169318
2307,1377929
2308,1544773
2309,1034549
2310,1002784
2311,1508120
2312,1434689
2313,1126328
2314,1542420
2315,1599746
2316,1498602
2317,1142495
2318,1013143
2319,1384484
2320,807985
2321,1598102
2322,1512944
2323,1020317
2324,1108829
2325,1565989
2326,1663896
2327,1390043
2328,1634557
2329,1009012
2330,1316617
2331,824468
2332,1625800
2333,1281761
2334,1663368
2335,1616004
2336,1597864
2337,1570284
2338,1426857
2339,1539919
2340,1033225
2341,1089991
2342,1484148
2343,1598304
2344,1618832
2345,1427806
2346,1591307
2347,1279886
2348,1115419
2349,1000275
2350,1025948
2351,36104
2352,1506321
2353,1061768
2354,1316729
2355,1063571
2356,1330463
2357,1568788
2358,1512808
2359,1512675
2360,1512734
2361,1107261
2362,1411133
2363,1656735
2364,86312
2365,1035896
2366,1566493
2367,1465837
2368,885415
2369,1316622
2370,1599217
2371,1595683
2372,1581811
2373,1604723
2374,1034188
2375,1092351
2376,1664847
2377,1577806
2378,1308555
2379,1049648
2380,1512865
2381,901849
2382,1088950
2383,1317601
2384,1105907
2385,1568298
2386,1021926
2387,1624049
2388,1598381
2389,8565
2390,1408324
2391,1571669
2392,1597690
2393,1167487
2394,1630413
2395,1634222
2396,1427430
2397,1426853
2398,1323645
2399,1484721
2400,921669
2401,1107314
2402,1569688
2403,1020066
2404,1389426
2405,1511739
2406,1063497
2407,1568820
2408,1483066
2409,1519462
2410,1607618
2411,1632866
2412,1576089
2413,1558971
2414,1577524
2415,1351431
2416,22657
2417,1179791
2418,1345929
2419,1649339
2420,1251557
2421,1664214
2422,1535847
2423,1600583
2424,1412575
2425,1420192
2426,1640420
2427,1352467
2428,1455290
2429,1056958
2430,1389839
2431,1347683
2432,1632097
2433,1587114
2434,1356249
2435,1513300
2436,933482
2437,1547135
2438,1535452
2439,1449126
2440,1388391
2441,1140315
2442,1172036
2443,1542265
2444,1647251
2445,1600136
2446,1027796
2447,1537530
2448,905790
2449,1482106
2450,38777
2451,1555283
2452,701059
2453,1645754
2454,1548836
2455,1397545
2456,1019531
2457,1340614
2458,1537621
2459,939222
2460,1583119
2461,1327944
2462,820123
2463,1454937
2464,1648711
2465,1599813
2466,1569833
2467,1438848
2468,1567397
2469,1105468
2470,1491072
2471,866035
2472,1234074
2473,791191
2474,1388829
2475,1504169
2476,1627608
2477,1141781
2478,1607597
2479,1068837
2480,1090413
2481,1238990
2482,1049650
2483,1659346
2484,1278249
2485,947996
2486,1058231
2487,1351731
2488,1465109
2489,1423217
2490,1510589
2491,1484972
2492,1446114
2493,1582633
2494,1554815
2495,1224962
2496,1607239
2497,860189
2498,1084683
2499,1113629
2500,1374889
2501,1633911
2502,1666741
2503,1635409
2504,1364742
2505,1418421
2506,928633
2507,1160841
2508,1276470
2509,1575766
2510,1451643
2511,1166588
2512,1632560
2513,1600745
2514,883422
2515,1364615
2516,315080
2517,1656532
2518,357301
2519,1628622
2520,869178
2521,1425041
2522,1075699
2523,937615
2524,1109448
2525,1008868
2526,844150
2527,1598416
2528,1344717
2529,1584289
2530,1287618
2531,939219
2532,1279627
2533,1387366
2534,1534468
2535,1316915
2536,1218749
2537,1442891
2538,1410833
2539,1599863
2540,1512440
2541,1614775
2542,1666910
2543,1052174
2544,1599330
2545,903944
2546,1424447
2547,1083190
2548,1601086
2549,1539947
2550,1053013
2551,1600999
2552,1109228
2553,1133219
2554,877134
2555,902584
2556,1508822
2557,1610920
2558,1549738
2559,1388325
2560,1535172
2561,20171
2562,1269134
2563,1511098
2564,1539041
2565,1562855
2566,1533892
2567,200724
2568,937729
2569,1505708
2570,884306
2571,1105497
2572,1424367
2573,1569855
2574,1509873
2575,1429390
2576,1581833
2577,1536630
2578,1426940
2579,1631941
2580,1638853
2581,1626473
2582,1134288
2583,1602987
2584,814133
2585,1034524
2586,1644795
2587,1226355
2588,1618366
2589,1524493
2590,920440
2591,1578370
2592,1520710
2593,1334952
2594,315066
2595,1167483
2596,36066
2597,1479844
2598,1404574
2599,1626982
2600,815917
2601,1359371
2602,857956
2603,1407389
2604,1324869
2605,1513857
2606,1224324
2607,1621157
2608,1526297
2609,1138486
2610,1427008
2611,1424381
2612,1484429
2613,1536411
2614,1596901
2615,1565772
2616,1570598
2617,1399706
2618,1557017
2619,1082339
2620,1532351
2621,1280190
2622,1085338
2623,1631738
2624,846788
2625,1351917
2626,1667434
2627,1513006
2628,1536755
2629,1553656
2630,1569036
2631,1093255
2632,1631930
2633,93751
2634,1031972
2635,1569765
2636,919859
2637,1408853
2638,1509974
2639,1369702
2640,1534653
2641,1388142
2642,936938
2643,1439303
2644,1085163
2645,932724
2646,1463746
2647,1332638
2648,1606134
2649,1269119
2650,1491685
2651,1407620
2652,1563525
2653,1573311
2654,1455845
2655,1568132
2656,1294223
2657,1571556
2658,1167365
2659,1572748
2660,1660071
2661,1620081
2662,1145255
2663,1456048
2664,1056907
2665,1583728
2666,1317829
2667,1622820
2668,1620067
2669,908431
2670,61227
2671,1184820
2672,1666501
2673,1546925
2674,887813
2675,1088859
2676,1659420
2677,1058854
2678,1428793
2679,1568890
2680,1652355
2681,1353326
2682,1390003
2683,1353651
2684,1328450
2685,1537996
2686,857113
2687,1086504
2688,1569102
2689,1297376
2690,1641173
2691,1599795
2692,1582151
2693,1346554
2694,1535588
2695,1332632
2696,1159457
2697,1315828
2698,1442756
2699,1413877
2700,1593688
2701,1534400
2702,1422848
2703,1106590
2704,1503174
2705,1105087
2706,883965
2707,1127799
2708,1534491
2709,1317209
2710,1569515
2711,1512397
2712,821197
2713,1512920
2714,1508512
2715,934745
2716,1145935
2717,1352449
2718,1140468
2719,1611519
2720,1666612
2721,1594467
2722,1387723
2723,1606609
2724,1452689
2725,859139
2726,1625292
2727,1661535
2728,1227157
2729,1484836
2730,1418333
2731,1480532
2732,1500732
2733,1536186
2734,1483532
2735,1642351
2736,1140334
2737,949853
2738,1591546
2739,1127761
2740,1640485
2741,1185072
2742,1571207
2743,902614
2744,1036248
2745,1550660
2746,1599329
2747,1600152
2748,1423686
2749,1562452
2750,1313893
2751,1425040
2752,728889
2753,1078013
2754,1567752
2755,1462160
2756,1567993
2757,1632341
2758,898427
2759,923116
2760,1324022
2761,1512162
2762,1508051
2763,1524362
2764,1391974
2765,1631775
2766,1665445
2767,937394
2768,1579111
2769,813917
2770,1455468
2771,1540531
2772,1542143
2773,1156175
2774,1573876
2775,1521951
2776,1599444
2777,1511881
2778,1280043
2779,1513013
2780,1653202
2781,1618824
2782,1569453
2783,1407409
2784,1638269
2785,1499882
2786,1423053
2787,1283718
2788,1629996
2789,1592643
2790,938487
2791,1345471
2792,1091860
2793,1632833
2794,1600327
2795,1508755
2796,1165002
2797,1559771
2798,1583977
2799,1382333
2800,1628121
2801,1504681
2802,1536890
2803,1430681
2804,40545
2805,1277303
2806,1388348
2807,1522955
2808,1332160
2809,1633446
2810,1125725
2811,1307748
2812,1635663
2813,945444
2814,1633909
2815,790354
2816,1456927
2817,1175523
2818,1603905
2819,924171
2820,1667140
2821,1472322
2822,1218275
2823,60086
2824,1027799
2825,872162
2826,1442573
2827,1280051
2828,1128213
2829,1511381
2830,1597878
2831,72971
2832,1634255
2833,1497637
2834,858877
2835,764068
2836,1657428
2837,904163
2838,1389507
2839,1287978
2840,1455704
2841,1427196
2842,1015086
2843,1317253
2844,1352526
2845,1028874
2846,763848
2847,1491617
2848,1266014
2849,917579
2850,1313345
2851,1021223
2852,1008937
2853,1652522
2854,1315926
2855,1556168
2856,906304
2857,1423045
2858,1335325
2859,1539066
2860,1658652
2861,1477024
2862,1498900
2863,1550057
2864,1313294
2865,1303241
2866,1047859
2867,1606507
2868,1380393
2869,1157765
2870,1540141
2871,1328785
2872,1128286
2873,1599562
2874,1633709
2875,1352428
2876,1634212
2877,938206
2878,1108831
2879,1564770
2880,1616882
2881,1536430
2882,1011659
2883,1534866
2884,1167553
2885,1624510
2886,1431518
2887,1541617
2888,1632554
2889,1600151
2890,783412
2891,1633896
2892,778963
2893,1411530
2894,1021008
2895,1259671
2896,1569886
2897,1529872
2898,1569099
2899,1649888
2900,1406313
2901,883511
2902,1641440
2903,1661568
2904,1099281
2905,1666024
2906,1261239
2907,806097
2908,1461790
2909,1638555
2910,9631
2911,1599760
2912,1080382
2913,314169
2914,1484368
2915,1541996
2916,899051
2917,1114739
2918,776867
2919,1535631
2920,1386929
2921,1432354
2922,866780
2923,1056973
2924,1461201
2925,1386714
2926,1625244
2927,1535385
2928,1601160
2929,1600746
2930,1382303
2931,1642275
2932,764106
2933,1632368
2934,1304096
2935,1551727
2936,1642305
2937,1616328
2938,1035463
2939,1305841
2940,1569148
2941,1591765
2942,1056491
2943,938582
2944,1478417
2945,1061170
2946,1632574
2947,1576102
2948,1505817
2949,1510974
2950,1598147
2951,1532618
2952,1262124
2953,1424467
2954,1422771
2955,1482390
2956,1374998
2957,1058949
2958,1526411
2959,1595509
2960,1014358
2961,1334429
2962,1665976
2963,1463698
2964,1590491
2965,1540796
2966,1569143
2967,905567
2968,1403438
2969,1299910
2970,1343781
2971,1216093
2972,1592616
2973,1342857
2974,1161822
2975,743127
2976,1378559
2977,1569656
2978,933429
2979,919086
2980,108572
2981,1607925
2982,1499094
2983,1447884
2984,1164632
2985,1168889
2986,1078135
2987,1605522
2988,98561
2989,1595725
2990,1415912
2991,1585822
2992,1352871
2993,1352543
2994,1510809
2995,1555829
2996,1214639
2997,1597409
2998,1455176
2999,1367786
3000,1464586
3001,883790
3002,1599371
3003,1166559
3004,1546592
3005,1454027
3006,1493921
3007,1512384
3008,1540425
3009,1276151
3010,1575581
3011,1632801
3012,1602198
3013,1166741
3014,1314377
3015,1070265
3016,1630363
3017,1592476
3018,1512419
3019,1438284
3020,315054
3021,1512611
3022,1454759
3023,1576277
3024,1456670
3025,1461287
3026,1544731
3027,919219
3028,1473116
3029,750556
3030,1026303
3031,1286295
3032,1082215
3033,1426771
3034,1132356
3035,816788
3036,1134319
3037,1009005
3038,1082045
3039,1294588
3040,1255435
3041,1543991
3042,1510912
3043,1484165
3044,1316466
3045,1094749
3046,1132716
3047,1512991
3048,1537055
3049,1140022
3050,1021944
3051,932752
3052,1329375
3053,1313978
3054,1399069
3055,1323953
3056,1389563
3057,1556785
3058,1607978
3059,1297496
3060,1566414
3061,1566968
3062,1540866
3063,1034369
3064,1490429
3065,1133639
3066,1630243
3067,1166716
3068,1603466
3069,1483796
3070,2230
3071,1567195
3072,1454138
3073,1172779
3074,1456417
3075,714364
3076,793650
3077,1291274
3078,1637359
3079,1354821
3080,1047339
3081,1484205
3082,1554308
3083,1278573
3084,1590073
3085,1665727
3086,1665446
3087,1577774
3088,1331693
3089,1079738
3090,820124
3091,842782
3092,886982
3093,820330
3094,1309342
3095,1485921
3096,1463753
3097,1120927
3098,1133521
3099,51812
3100,1223779
3101,1103245
3102,1535176
3103,1560717
3104,897599
3105,1614986
3106,1058800
3107,1542317
3108,1453415
3109,1450746
3110,1027451
3111,67698
3112,39263
3113,1517642
3114,47288
3115,1510481
3116,1035674
3117,1367663
3118,1568555
3119,809443
3120,1217758
3121,872573
3122,1511144
3123,1478997
3124,1665590
3125,1085041
3126,1654648
3127,1499066
3128,1581793
3129,1544554
3130,1304229
3131,1528436
3132,1633677
3133,9015
3134,1596800
3135,1177132
3136,1387978
3137,1666470
3138,1610520
3139,1426588
3140,1547927
3141,810716
3142,1166385
3143,105495
3144,1539948
3145,769963
3146,942618
3147,1655543
3148,1040198
3149,1631639
3150,1003279
3151,1277158
3152,1568303
3153,1535392
3154,830588
3155,1332784
3156,1481882
3157,1524566
3158,1436871
3159,1306333
3160,1510848
3161,1091923
3162,1630806
3163,948046
3164,1454409
3165,1510870
3166,1428948
3167,763910
3168,1604903
3169,1279888
3170,1130787
3171,728575
3172,1666256
3173,1632248
3174,1123812
3175,1375664
3176,1567755
3177,1513271
3178,49205
3179,1108969
3180,1532520
3181,1664771
3182,1621915
3183,1541539
3184,1633673
3185,1584362
3186,1632932
3187,928400
3188,1080298
3189,1542179
3190,1427271
3191,1482880
3192,1399360
3193,938076
3194,1077428
3195,1635152
3196,712537
3197,919489
3198,1575662
3199,1112520
3200,1540880
3201,1542339
3202,1004248
3203,1493936
3204,1415996
3205,884314
3206,1076964
3207,1427372
3208,1006249
3209,1076598
3210,1599719
3211,1624809
3212,1602263
3213,1281446
3214,1643569
3215,1570782
3216,1543568
3217,1539436
3218,1291424
3219,1542421
3220,807249
3221,1302404
3222,1566653
3223,1054587
3224,1600566
3225,1379995
3226,1571626
3227,1632548
3228,1044929
3229,918537
3230,1665887
3231,1306923
3232,1390202
3233,1597099
3234,1353312
3235,1568068
3236,1056581
3237,1589248
3238,1521079
3239,769954
3240,1079114
3241,1661571
3242,1081407
3243,1370102
3244,1576707
3245,1631118
3246,1645382
3247,1604406
3248,762152
3249,1166767
3250,1455258
3251,1587973
3252,315032
3253,1602072
3254,1583104
3255,1589989
3256,1599892
3257,1388736
3258,877035
3259,1599923
3260,1052100
3261,1131908
3262,1127544
3263,1554656
3264,1190327
3265,225816
3266,1092903
3267,1279912
3268,1381843
3269,901541
3270,1033427
3271,1333792
3272,1015247
3273,1650318
3274,1280511
3275,1569502
3276,1575578
3277,1009207
3278,939334
3279,1492040
3280,1665359
3281,1618376
3282,1511291
3283,1041885
3284,1478434
3285,51762
3286,1026013
3287,1625986
3288,1133999
3289,1450008
3290,1466538
3291,1289442
3292,872732
3293,1580572
3294,1373442
3295,1666624
3296,1542631
3297,1531593
3298,1661144
3299,1600189
3300,1463524
3301,1599350
3302,1389400
3303,1633680
3304,1102598
3305,1543830
3306,1454288
3307,1017918
3308,1525092
3309,1468395
3310,1320168
3311,1054233
3312,1005354
3313,1071640
3314,1423875
3315,1177244
3316,1535279
3317,1611848
3318,1430308
3319,1276460
3320,1104329
3321,1389709
3322,1666664
3323,1512145
3324,1005817
3325,1009006
3326,1582090
3327,1593404
3328,1390113
3329,1569117
3330,1364725
3331,1598015
3332,1633002
3333,932540
3334,1334430
3335,1640445
3336,1456114
3337,846633
3338,1569633
3339,1492162
3340,1527781
3341,1092688
3342,1376192
3343,1511985
3344,1051042
3345,1318293
3346,1389223
3347,1054554
3348,1481714
3349,1297731
3350,1163648
3351,1142031
3352,1533551
3353,1372939
3354,1226886
3355,801166
3356,1654847
3357,1470766
3358,1512910
3359,1388469
3360,1276853
3361,1133939
3362,1587281
3363,1611613
3364,1633603
3365,1367401
3366,1634865
3367,1569740
3368,1616009
3369,1564220
3370,1666746
3371,1512754
3372,1350879
3373,1631353
3374,1506208
3375,1665925
3376,1167495
3377,1551867
3378,1081668
3379,1020617
3380,1135121
3381,1540867
3382,938552
3383,1537014
3384,1542302
3385,1611518
3386,1569292
3387,1317679
3388,1121477
3389,1123320
3390,1360505
3391,1512848
3392,1582732
3393,1453885
3394,1633716
3395,1048921
3396,1049050
3397,1115373
3398,1232621
3399,1600035
3400,878228
3401,1056516
3402,1281084
3403,1388279
3404,1441559
3405,1353323
3406,1587381
3407,1394866
3408,1269950
3409,1158970
3410,1081019
3411,1023279
3412,728100
3413,1307203
3414,733986
3415,1114618
3416,1598352
3417,10742
3418,924920
3419,1009262
3420,1515070
3421,1162870
3422,1013538
3423,936944
3424,1567390
3425,1570396
3426,1610769
3427,1456534
3428,1443077
3429,1573767
3430,1542164
3431,1599325
3432,1385915
3433,1381954
3434,1504404
3435,884589
3436,881432
3437,1623580
3438,1441689
3439,1352895
3440,1061187
3441,1321219
3442,1538037
3443,1541399
3444,1626379
3445,1377452
3446,1259664
3447,1057395
3448,1585550
3449,1221362
3450,1606588
3451,941560
3452,1291422
3453,1290668
3454,1566728
3455,1592405
3456,59951
3457,1352547
3458,1473438
3459,1034771
3460,1511794
3461,1352122
3462,1282197
3463,1535227
3464,1569147
3465,1398825
3466,1615963
3467,1472190
3468,898581
3469,1630691
3470,1092785
3471,1612389
3472,1612865
3473,1382078
3474,1464790
3475,1046192
3476,1319998
3477,948518
3478,1279913
3479,1631773
3480,1377581
3481,1361936
3482,1083323
3483,805676
3484,1352662
3485,1426449
3486,315157
3487,1007095
3488,1166152
3489,1608531
3490,1278951
3491,1291628
3492,1538653
3493,1050442
3494,1103738
3495,1105467
3496,1389191
3497,1538449
3498,1527488
3499,1484040
3500,1595533
3501,1094499
3502,860561
3503,1641891
3504,1532472
3505,1389279
3506,918893
3507,1627436
3508,1569137
3509,1513137
3510,902367
3511,833018
3512,1568280
3513,1484265
3514,1511229
3515,1486946
3516,831001
3517,1605070
3518,1650142
3519,1107310
3520,1085550
3521,1602476
3522,1549575
3523,1619390
3524,837592
3525,1598013
3526,1034569
3527,1040188
3528,1106505
3529,1643354
3530,1632665
3531,1649910
3532,1517429
3533,1596355
3534,1577216
3535,1352924
3536,1476804
3537,1325083
3538,1625246
3539,1497943
3540,1633516
3541,1582271
3542,1385925
3543,1081198
3544,1607825
3545,1295438
3546,1599670
3547,1352261
3548,1387458
3549,1044330
3550,1352764
3551,1632551
3552,1636441
3553,1567889
3554,908551
3555,1512022
3556,1286313
3557,1480751
3558,1542266
3559,319902
3560,1444376
3561,1512779
3562,1050417
3563,1323119
3564,1602603
3565,1601742
3566,1632187
3567,1511702
3568,937522
3569,1336800
3570,1649776
3571,1529541
3572,1590228
3573,908733
3574,1232395
3575,1166309
3576,1282550
3577,1386928
3578,1026081
3579,1162170
3580,1483870
3581,1569118
3582,1566601
3583,1317348
3584,1404599
3585,1480535
3586,1536006
3587,711089
3588,1545812
3589,1574010
3590,1598558
3591,1574661
3592,1541211
3593,1565061
3594,1054257
3595,1655095
3596,1309469
3597,909661
3598,1548997
3599,1280200
3600,860656
3601,1037763
3602,1212225
3603,918504
3604,1546017
3605,1520770
3606,759944
3607,1599275
3608,1105837
3609,883782
3610,1645157
3611,1590784
3612,1406026
3613,1616416
3614,1600403
3615,790502
3616,1636191
3617,919079
3618,1633024
3619,1079397
3620,1633674
3621,1591925
3622,1086762
3623,1159159
3624,1513193
3625,1386792
3626,1404652
3627,1270764
3628,801051
3629,1324659
3630,1382646
3631,1645890
3632,1620636
3633,1546967
3634,1056859
3635,1476179
3636,1071483
3637,1040762
3638,1389275
3639,905608
3640,1425845
3641,1036288
3642,1063296
3643,318989
3644,1533421
3645,1484085
3646,1639754
3647,1610880
3648,947772
3649,1008895
3650,1585045
3651,1247497
3652,1577552
3653,1224890
3654,1352776
3655,1275218
3656,1667134
3657,822581
3658,895213
3659,1615420
3660,314984
3661,1539994
3662,728079
3663,943719
3664,1650290
3665,1007280
3666,1544806
3667,1554871
3668,1011443
3669,1596053
3670,1426318
3671,1487438
3672,831571
3673,1387818
3674,1406857
3675,1278235
3676,1582202
3677,1425738
3678,1438258
3679,944234
3680,1665642
3681,1650135
3682,920441
3683,1054646
3684,1263508
3685,1588873
3686,1480916
3687,1585859
3688,1368163
3689,1106129
3690,1040210
3691,1482171
3692,1598379
3693,1427147
3694,1550191
3695,1033244
3696,1163653
3697,1467902
3698,1640335
3699,1455267
3700,1595853
3701,1061165
3702,1423994
3703,1654599
3704,1030618
3705,1551787
3706,1665054
3707,1599883
3708,1085867
3709,919538
3710,1534949
3711,1536105
3712,1510434
3713,1093060
3714,40729
3715,1616034
3716,1540945
3717,1274413
3718,1640680
3719,1464332
3720,1389610
3721,1536071
3722,1319111
3723,919185
3724,934999
3725,1424878
3726,1638049
3727,1427119
3728,1114702
3729,1556245
3730,1119032
3731,1351903
3732,903949
3733,1369913
3734,1116992
3735,1469219
3736,1606779
3737,276101
3738,1502976
3739,1307493
3740,1600145
3741,1389933
3742,1177719
3743,1061186
3744,1046187
3745,1557485
3746,1053321
3747,1065349
3748,1505639
3749,1413654
3750,1030815
3751,1259261
3752,1626494
3753,1569064
3754,1388168
3755,1144903
3756,1599273
3757,1535862
3758,36644
3759,1016683
3760,884310
3761,1633391
3762,868491
3763,937886
3764,1424177
3765,1538900
3766,1005846
3767,1483238
3768,1001085
3769,1591902
3770,201772
3771,1299582
3772,1347193
3773,1449689
3774,1427350
3775,885062
3776,1559538
3777,1456227
3778,1483339
3779,1424480
3780,1127990
3781,1534843
3782,1552999
3783,1318103
3784,1353110
3785,1352187
3786,1598894
3787,1259313
3788,1426728
3789,1616168
3790,1537345
3791,80255
3792,1340098
3793,919087
3794,788714
3795,1542324
3796,1548392
3797,1561784
3798,1056825
3799,105692
3800,314949
3801,1054425
3802,764112
3803,1589358
3804,1632253
3805,1086619
3806,1390457
3807,1009254
3808,1648101
3809,1624723
3810,1419999
3811,1056831
3812,1037389
3813,1105471
3814,860585
3815,1271347
3816,1156185
3817,320376
3818,1633275
3819,1641864
3820,1263548
3821,1588539
3822,1056827
3823,1357867
3824,1549230
3825,1201001
3826,1384058
3827,900974
3828,1142433
3829,1544224
3830,1604873
3831,1321220
3832,1109767
3833,1486083
3834,1639666
3835,1068829
3836,101199
3837,1128074
3838,1632407
3839,1536063
3840,1477477
3841,1475150
3842,714562
3843,1170152
3844,1386060
3845,1438574
3846,829108
3847,1653168
3848,949509
3849,1203547
3850,1292975
3851,1634208
3852,1109426
3853,1067983
3854,728882
3855,1599054
3856,884423
3857,1085393
3858,1492262
3859,919468
3860,1076809
3861,1410588
3862,1138995
3863,1352675
3864,1589661
3865,1649107
3866,1615359
3867,1444055
3868,1600141
3869,1317208
3870,943518
3871,1582968
3872,1040273
3873,1401388
3874,1593921
3875,1313816
3876,1316539
3877,1105838
3878,752365
3879,1384982
3880,1593380
3881,1137881
3882,1553936
3883,1402174
3884,1080434
3885,1074034
3886,1657134
3887,1140474
3888,1397424
3889,1410830
3890,1599793
3891,1431819
3892,1219062
3893,1035912
3894,1622093
3895,1134813
3896,1483472
3897,19475
3898,825204
3899,1013536
3900,1481957
3901,1133653
3902,1164508
3903,1559020
3904,1348183
3905,1540138
3906,1289643
3907,1470414
3908,1529832
3909,1326389
3910,1362535
3911,1499266
3912,1517857
3913,810958
3914,1608179
3915,1080132
3916,1365474
3917,842766
3918,1477872
3919,1599858
3920,1165408
3921,1575151
3922,1598348
3923,1308527
3924,1406484
3925,1595961
3926,1021117
3927,1252007
3928,1542685
3929,1569205
3930,1492133
3931,1598803
3932,1631615
3933,1008929
3934,1389403
3935,883803
3936,1663649
3937,714142
3938,1165805
3939,1597694
3940,1093276
3941,1479228
3942,1641042
3943,1466546
3944,740913
3945,1048703
3946,1623707
3947,1483738
3948,1475483
3949,1654175
3950,1042046
3951,1097278
3952,1335977
3953,1568891
3954,905591
3955,799003
3956,1273087
3957,1445911
3958,1536340
3959,1535602
3960,1315421
3961,1633624
3962,872259
3963,1054522
3964,310051
3965,1628676
3966,1431431
3967,1631614
3968,1608046
3969,1599749
3970,1218210
3971,1121908
3972,1346378
3973,1273960
3974,1581465
3975,1133385
3976,919192
3977,1666558
3978,1505183
3979,1458461
3980,1599620
3981,1074272
3982,1412031
3983,1630939
3984,943656
3985,1540142
3986,1230765
3987,1666659
3988,1016972
3989,1567738
3990,1010873
3991,1259927
3992,1598841
3993,1599016
3994,1071341
3995,1607147
3996,1450144
3997,1356643
3998,1314376
3999,1352860
4000,1597298
4001,1641391
4002,1135077
4003,1009258
4004,1537607
4005,1599466
4006,1301743
4007,1399794
4008,1536727
4009,1380443
4010,1165797
4011,1021642
4012,1132699
4013,1584086
4014,1033505
4015,1583092
4016,1381055
4017,1350780
4018,1353411
4019,1633366
4020,1621855
4021,1633861
4022,1666737
4023,1466495
4024,1512545
4025,1056559
4026,1591122
4027,1426319
4028,1633362
4029,1454423
4030,1527914
4031,1080493
4032,1633517
4033,1616525
4034,1008894
4035,1044924
4036,1038661
4037,810672
4038,1454893
4039,1278793
4040,1426083
4041,1335851
4042,1358253
4043,1513783
4044,1411512
4045,1608108
4046,1332811
4047,1365707
4048,1034012
4049,24386
4050,1633445
4051,724683
4052,1390063
4053,1047644
4054,1596077
4055,1538642
4056,1651424
4057,1483170
4058,1667019
4059,1175954
4060,1350660
4061,1330709
4062,1535782
4063,20286
4064,1394096
4065,1160106
4066,1317195
4067,1319691
4068,1578621
4069,1469528
4070,1632108
4071,1601539
4072,1582384
4073,1455924
4074,216851
4075,1541596
4076,1593191
4077,1578258
4078,1298088
4079,1507971
4080,1631273
4081,1000490
4082,1588456
4083,1598245
4084,1631507
4085,1255858
4086,1347104
4087,1552426
4088,1580162
4089,1601489
4090,1535610
4091,7195
4092,1665337
4093,1321194
4094,1481986
4095,1542943
4096,1481669
4097,1390205
4098,1563530
4099,1620822
